id,name
2073,IPeywH7bkd
2081,SXKCyoLtuO
2090,ZTcr6czHzK
2059,jRiNoSMORL
2077,0Ck7rIvcqI
2084,TmPY8mbRko
2032,jInu0fLIP5
2008,anlvv4rzHs
2070,gv8Y0MDMOF
2023,LiLQy22BYT
2092,x4vcs5xPrM
2045,q2yKWT2ekk
2048,vq5TZtPK2B
2004,Nxfon5sAlg
2094,y3SVdIjncq
2051,KwrIays2uS
2086,5LZWQ0Id8M
2014,yCp62v6WTY
2071,5MuTbhXL12
2063,3CIy4B40E3
2033,3USmAGR855
2079,3nSfe2YOub
2066,qoLvf68LL7
2075,GMx5RUG50F
2072,we8c8d6EjP
2062,UgFAm3yrpc
2042,yqwWLE9i0F
2027,g8f5j8VUxl
2009,XvYgF2UPW6
2034,1ECaY6dW32
2047,sedb40vfOn
2015,miTbp86xy6
2052,viXjVFSRTo
2029,FuNN7MrdxP
2043,rhadip9bcR
2044,Lxswp5RNEU
2036,3R6hkrYU3O
2089,RtUKg5pSSo
2030,MJTGjP4aUb
2005,HIn8EOgixW
2007,DTvgcbkXzC
2057,PWFxsUFL4I
2028,j7lXV1P2Mo
2078,al6kNeI2Ht
2096,LKl6109UHJ
2065,UDtHZce7J7
2013,ti5MHC5JOM
2024,27kpqrLcsZ
2035,rEQu950Mk8
2037,sPssKreItA
2099,AHfib7I5ue
2097,mCjQDe5tdK
2003,V2XyEJbp5y
2011,pJDKiX76hX
2088,Z0S22hU7Jk
2006,gYdcWHKgN3
2041,dYzeR44UBN
2001,KlqmuPHoZ5
2012,tVNubAkUWJ
2091,MC6dwjazuT
